{"a": 2.2688583723656337, "b": -1806.3973226313328}